payment_id,account_id,beneficiary,beneficiary_acc_no,amount,reference_no,status,reason_code,created_at,beneficiary_bank
1,4,"Merry Cake Shop",484678752368899,100.00,"New stock of muffins",success,"Payment Processed Successfully","2023-04-13 20:53:39","HDFC Bank"
2,5,"Lisa Coffee Shop",36340961300,600.00,"New stock of coffee beans",success,"Payment Processed Successfully","2023-04-13 20:55:40","ICICI Bank"
3,4,"Merry Cake Shop",36340961300,200.00,"New stock of muffins",success,"Payment Processed Successfully","2023-04-13 20:56:04","Axis Bank"
4,5,"Jimmy Consultant",25262338956832777,1000.00,"Consultancy Services",success,"Payment Processed Successfully","2023-04-13 21:29:45","Canara Bank"
5,4,"Jimmy Consultant",25262338956832777,7000.00,"Consultancy Services",Failure,"Could not Process Payment due to Insufficient Funds","2023-04-13 21:36:28","Canara Bank"
6,8,"Jimmy Consultant",36340961300,1000.00,"Consultancy Services",Success,"Payment Processed Successfully","2023-04-17 19:51:18","Canara Bank"
7,9,Sharvil,123456789,200.00,Stationary,Success,"Payment Processed Successfully","2023-04-18 00:29:23","Cadmus Bank"
8,5,"Jake Stationary",89287748214,350.00,Cardboard,Success,"Payment Processed Successfully","2023-04-18 01:44:50","Kotak Mahindra Bank"
9,5,"Jimmy Consultant",6836256284,200.00,"New stock of coffee beans",Success,"Payment Processed Successfully","2023-04-18 02:01:45","Punjab National Bank"
10,8,"Sharvil's Bakery",6375398523,350.00,"Movie Tickets",Success,"Payment Processed Successfully","2023-04-18 17:22:04","Cadmus Bank"
11,8,"Sharvil's Bakery",1234567891,10.00,"Movie Tickets",Success,"Payment Processed Successfully","2023-04-18 17:22:04","Cadmus Bank"
12,8,"Sharvil's Bakery",1234567891,350.00,"Movie Tickets",Success,"Payment Processed Successfully","2023-04-18 17:52:39","Cadmus Bank"
13,8,"Sharvil's Bakery",1234567891,250.00,"Movie Tickets",Success,"Payment Processed Successfully","2023-04-18 17:54:41","Cadmus Bank"
14,8,"Sharvil's Bakery",1234567891,500.00,Snacks,Success,"Payment Processed Successfully","2023-04-18 17:54:41","State Bank of India"
15,8,"Sharvil's Bakery",1234567891,200.00,"Movie Tickets",Success,"Payment Processed Successfully","2023-04-18 17:54:41","Cadmus Bank"
16,8,"Sharvil's Bakery",1234567891,100.00,"Movie Tickets",Success,"Payment Processed Successfully","2023-04-18 17:54:41","Cadmus Bank"
17,8,Personal,4119514483,200.00,"Movie Tickets",Success,"Payment Processed Successfully","2023-04-18 17:54:41","Cadmus Bank"
18,8,"Jenny's Muffins",4613456273,340.00,"Stock of Cookies",Success,"Payment Processed Successfully","2023-04-18 18:26:33","HDFC Bank"
19,8,"Sharvil's Bakery",1234567891,200.00,"Movie Tickets",Failure,"Could not Process Payment due to Non-existent Beneficiary Account Number","2023-04-18 18:26:33","Cadmus Bank"
20,8,Family,6328049877,200.00,"Movie Tickets",Failure,"Could not Process Payment due to Internal Transaction of Funds","2023-04-18 18:26:33","Cadmus Bank"
21,11,"Sharvil's Bakery",6375398523,200.00,"Movie Tickets",Success,"Payment Processed Successfully","2023-04-18 18:26:33","Cadmus Bank"
